[
{
  "model": "main.telegramusers",
  "pk": 1,
  "fields": {
    "telegram_id": 6950463049,
    "balance": 0
  }
},
{
  "model": "main.telegramusers",
  "pk": 2,
  "fields": {
    "telegram_id": 6491548196,
    "balance": 0
  }
},
{
  "model": "main.telegramusers",
  "pk": 3,
  "fields": {
    "telegram_id": 8013072656,
    "balance": 0
  }
},
{
  "model": "main.telegramusers",
  "pk": 4,
  "fields": {
    "telegram_id": 6884657245,
    "balance": 0
  }
},
{
  "model": "main.telegramusers",
  "pk": 5,
  "fields": {
    "telegram_id": 7029854529,
    "balance": 0
  }
},
{
  "model": "main.telegramusers",
  "pk": 6,
  "fields": {
    "telegram_id": 135491045,
    "balance": 0
  }
},
{
  "model": "main.telegramusers",
  "pk": 7,
  "fields": {
    "telegram_id": 7661716273,
    "balance": 0
  }
},
{
  "model": "main.telegramusers",
  "pk": 8,
  "fields": {
    "telegram_id": 8153447771,
    "balance": 0
  }
},
{
  "model": "main.telegramusers",
  "pk": 9,
  "fields": {
    "telegram_id": 8469025483,
    "balance": 0
  }
},
{
  "model": "main.telegramusers",
  "pk": 10,
  "fields": {
    "telegram_id": 5715244411,
    "balance": 0
  }
},
{
  "model": "main.anime",
  "pk": 1,
  "fields": {
    "name_uz": "Arifureta: Dunyodagi eng kuchli hunarmand",
    "name_en": "Arifureta from commonplace to world's strongest",
    "discreptin": "Arifureta: Oddiydan dunyoning eng kuchlisigacha oʻrta maktab oʻquvchisi Hajime Nagumo haqida hikoya qiladi.",
    "janr": "Isekai, Fantaziya, Jangari, Sarguzasht, Haram",
    "year": "2019",
    "series_count": 12,
    "photo_id": "AgACAgIAAxkBAAIBCmltvu5O4UGqEzuYKpXVdWXm47I_AAI5C2sb8etwS6MXWBNZHw-FAQADAgADeAADOAQ",
    "views": 10
  }
},
{
  "model": "main.anime",
  "pk": 2,
  "fields": {
    "name_uz": "Abadiylik qo'riqchisi",
    "name_en": "UQ Holder!",
    "discreptin": "Ken Akamatsuning yapon manga va anime seriali, uning avvalgi asari Negima dunyosida sodir bo'ladi ! Magister Negi Magi , Tota Konoening ortidan , adolat uchun kurashish va dunyoni g'ayritabiiy tahdidlardan himoya qilish uchun o'lmaslarning maxfiy jamiyatiga qo'shilgan vampirga aylangan bola, sehr ma'lum bo'lgan futuristik muhitda harakat, komediya va fantaziyani uyg'unlashtiradi.",
    "janr": "Jangari, sarguzasht va fantaziya",
    "year": "2017",
    "series_count": 12,
    "photo_id": "AgACAgIAAxkBAAIBN2ltw3Rk-0oAAeLIdSbho7dkScGCEgACXQtrG_HrcEttevxMoiBHrgEAAwIAA3kAAzgE",
    "views": 4
  }
},
{
  "model": "main.anime",
  "pk": 8,
  "fields": {
    "name_uz": "Ragnarok yozuvi",
    "name_en": "Record of ragnarok",
    "discreptin": "bu Shinya Umemura va  Takumirated Fukui tomonidan yozilganyapon manga seriyasidir . Turli mifologiyalardagi xudolarga qarshi ko'zga ko'ringan tarixiy shaxslar ishtirokida, insoniyat taqdiri muvozanatda bo'lgan turnir",
    "janr": "Adventure \nDark fantasy\nMartial arts",
    "year": "2025",
    "series_count": 15,
    "photo_id": "AgACAgIAAxkBAAIDZWl2GIH4L2G11AqTwKb7c2reBeleAAIaC2sbHxy4S3Ay84iZT24FAQADAgADeQADOAQ",
    "views": 2
  }
},
{
  "model": "main.anime",
  "pk": 9,
  "fields": {
    "name_uz": "Jodugarlar jangi 3-fasl",
    "name_en": "Jujutsu Kaisen 3",
    "discreptin": "Tavsif yo'q",
    "janr": "Action Dark Fantasy Supernatural",
    "year": "2026",
    "series_count": 26,
    "photo_id": "AgACAgIAAxkBAAIEBWl2He1XayPAQVRCnbNmIXyoMET7AAJGC2sbHxy4S7WKl-mTaP2DAQADAgADeAADOAQ",
    "views": 2
  }
},
{
  "model": "main.video",
  "pk": 1,
  "fields": {
    "anime": 1,
    "series_number": 1,
    "video_file_id": "BAACAgQAAxkBAAIBw2ltzizqIsR2rMQ_BLIHlcvuZ2COAAIrDgACwdfQUf6UaoArMpRHOAQ"
  }
},
{
  "model": "main.video",
  "pk": 2,
  "fields": {
    "anime": 1,
    "series_number": 2,
    "video_file_id": "BAACAgIAAxkBAAIB2mlt0QVTZxcNsF7YpOx4hwABl0iGFwACIAUAAgvxcUm-IXLwpaswKDgE"
  }
},
{
  "model": "main.video",
  "pk": 3,
  "fields": {
    "anime": 1,
    "series_number": 3,
    "video_file_id": "BAACAgIAAxkBAAIB5Glt0qatMH7qDE7m4Xb7bHHkofAQAAJQBAACJ6JwSedhUCrFbfRDOAQ"
  }
},
{
  "model": "main.video",
  "pk": 4,
  "fields": {
    "anime": 2,
    "series_number": 1,
    "video_file_id": "BAACAgIAAxkBAAICYGlvsxqHQEZthcclDc_k-O11gQW7AAJCEwACAlmQSv3Y8_j-nb1WOAQ"
  }
},
{
  "model": "main.video",
  "pk": 5,
  "fields": {
    "anime": 2,
    "series_number": 2,
    "video_file_id": "BAACAgIAAxkBAAICcGlvtEOJMDJh94FEwnGOrPe6M3RsAAKlBAACZWbpSYN0vzZyJdMGOAQ"
  }
},
{
  "model": "main.video",
  "pk": 6,
  "fields": {
    "anime": 1,
    "series_number": 4,
    "video_file_id": "BAACAgIAAxkBAAICrGlwwVhoD0S-_GwL-cT6jQ6WVM3XAAJRBAACJ6JwSWn4RLc_IqspOAQ"
  }
},
{
  "model": "main.video",
  "pk": 7,
  "fields": {
    "anime": 1,
    "series_number": 5,
    "video_file_id": "BAACAgIAAxkBAAICYGlvsxqHQEZthcclDc_k-O11gQW7AAJCEwACAlmQSv3Y8_j-nb1WOAQ"
  }
},
{
  "model": "main.video",
  "pk": 8,
  "fields": {
    "anime": 8,
    "series_number": 1,
    "video_file_id": "BAACAgIAAxkBAAIDcWl2GM4GtaWnbwI-KdzmnBAfjzMCAAJohwACYkzRSZYyljhcbyNpOAQ"
  }
},
{
  "model": "main.video",
  "pk": 9,
  "fields": {
    "anime": 8,
    "series_number": 2,
    "video_file_id": "BAACAgIAAxkBAAIDeWl2GPfS3Zv95mADAuZp37aNeZ_EAAK6hwACZbHhScyuN7HTCXPxOAQ"
  }
},
{
  "model": "main.video",
  "pk": 10,
  "fields": {
    "anime": 8,
    "series_number": 3,
    "video_file_id": "BAACAgIAAxkBAAIDiWl2GSeeiAYK7-cL5fypgjiUzbmVAAIdjgACYEjwSdVOCEkndPK8OAQ"
  }
},
{
  "model": "main.video",
  "pk": 11,
  "fields": {
    "anime": 8,
    "series_number": 4,
    "video_file_id": "BAACAgIAAxkBAAIDkWl2GT-XzLmchWOqVwzjTVZCHfpBAALykAACf60QSp_6UBzDNTseOAQ"
  }
},
{
  "model": "main.video",
  "pk": 12,
  "fields": {
    "anime": 8,
    "series_number": 5,
    "video_file_id": "BAACAgIAAxkBAAIDmWl2GVWrraAKIFTobqrIAAGlr3XNHgACBZcAAtwzGUp4qsifrUPCdTgE"
  }
},
{
  "model": "main.video",
  "pk": 13,
  "fields": {
    "anime": 8,
    "series_number": 6,
    "video_file_id": "BAACAgIAAxkBAAIDoWl2GWoKaE-h-Q4S1h0cl_Rzzd8jAALxlQACWu4gSvvkltXblvsbOAQ"
  }
},
{
  "model": "main.video",
  "pk": 14,
  "fields": {
    "anime": 8,
    "series_number": 7,
    "video_file_id": "BAACAgIAAxkBAAIDqWl2GYz8snis_iAOSV22O6M2V2b6AAKihwACXmEwSpWvqx8H9miXOAQ"
  }
},
{
  "model": "main.video",
  "pk": 15,
  "fields": {
    "anime": 8,
    "series_number": 8,
    "video_file_id": "BAACAgIAAxkBAAIDsWl2GaAAAQ1cfM6EkwPo4F-Uh_847AACEpcAAl5hOEoFIKhdbPg_HzgE"
  }
},
{
  "model": "main.video",
  "pk": 16,
  "fields": {
    "anime": 8,
    "series_number": 9,
    "video_file_id": "BAACAgIAAxkBAAIDuWl2GePfqZDl_tHVSqxl8dIO9_JTAAI_gAACV7pISmCTOYu45RIJOAQ"
  }
},
{
  "model": "main.video",
  "pk": 17,
  "fields": {
    "anime": 8,
    "series_number": 10,
    "video_file_id": "BAACAgIAAxkBAAIDwWl2GgG4wmgjBaMY-nfS-XshMHMgAALpiwACV7pISqaqXAUs7JaEOAQ"
  }
},
{
  "model": "main.video",
  "pk": 18,
  "fields": {
    "anime": 8,
    "series_number": 11,
    "video_file_id": "BAACAgIAAxkBAAIDyWl2Gi5gT_gx1jARxoX5qfmQMDYEAALbmQAC-nRhSml7T-aUkMXmOAQ"
  }
},
{
  "model": "main.video",
  "pk": 19,
  "fields": {
    "anime": 8,
    "series_number": 12,
    "video_file_id": "BAACAgIAAxkBAAID0Wl2GkqdiFCMpIxBE_T2E88jIX1XAAKikwAC-nRpSnJ8z4dCeK-qOAQ"
  }
},
{
  "model": "main.video",
  "pk": 20,
  "fields": {
    "anime": 8,
    "series_number": 13,
    "video_file_id": "BAACAgIAAxkBAAID2Wl2GmhWLQABYa05XGQpnYzHCjSlMwACPokAAuoKiEohFSd6pjoImTgE"
  }
},
{
  "model": "main.video",
  "pk": 21,
  "fields": {
    "anime": 8,
    "series_number": 14,
    "video_file_id": "BAACAgIAAxkBAAID4Wl2GoP4F3QqMr97vG_Drg76UWYMAAI2lgAC6gqISp0wBfEeSU4jOAQ"
  }
},
{
  "model": "main.video",
  "pk": 22,
  "fields": {
    "anime": 8,
    "series_number": 15,
    "video_file_id": "BAACAgIAAxkBAAID6Wl2GpkdBLm4wi2HI5q4lTHMKju3AAKZigAC1J-hShBY53IhjuiJOAQ"
  }
},
{
  "model": "main.video",
  "pk": 23,
  "fields": {
    "anime": 9,
    "series_number": 1,
    "video_file_id": "BAACAgQAAxkBAAIEEWl2HhqR3I9mojeyynbztG8sTx90AAJkHQACTpcZU9zh6QrychOkOAQ"
  }
},
{
  "model": "main.video",
  "pk": 24,
  "fields": {
    "anime": 9,
    "series_number": 2,
    "video_file_id": "BAACAgQAAxkBAAIEGWl2HjjG77VO8xuXg8BCcmhZ6jQ6AALSGgACVR0gU52L4IZlG-DsOAQ"
  }
},
{
  "model": "main.video",
  "pk": 25,
  "fields": {
    "anime": 9,
    "series_number": 3,
    "video_file_id": "BAACAgQAAxkBAAIEIWl2Hk5g0vfOrVArxW08uBMMV86gAAIYHgACAWBJU2lFoNlIVrDkOAQ"
  }
},
{
  "model": "main.video",
  "pk": 26,
  "fields": {
    "anime": 9,
    "series_number": 4,
    "video_file_id": "BAACAgQAAxkBAAIEKWl2HmbtRBT5LQF3ev6dwGKwxbojAAICHQACqTyQU3WsDht958bEOAQ"
  }
},
{
  "model": "main.subscriptions",
  "pk": 1,
  "fields": {
    "anime": 2,
    "telegram_user_id": 6950463049
  }
}
]
